ticker,name,signals,wins,stops,others,win_rate,stop_rate,avg_pnl_pct,median_pnl_pct,avg_days_held
7014.T,名村造船所,3,3,0,0,1.0,0.0,22.19767056521614,24.400562276225287,10.0
1965.T,テクノ菱和,2,2,0,0,1.0,0.0,15.273694964459908,15.273694964459908,3.5
2585.T,ライフドリンク　カンパニー,2,2,0,0,1.0,0.0,12.747976114574774,12.747976114574774,2.0
6327.T,北川精機,1,1,0,0,1.0,0.0,13.605447454937034,13.605447454937034,8.0
6777.T,ｓａｎｔｅｃ　Ｈｏｌｄｉｎｇｓ,1,1,0,0,1.0,0.0,13.452383484895336,13.452383484895336,7.0
6787.T,メイコー,8,7,1,0,0.875,0.125,14.662939873410052,16.965135734188024,3.625
6331.T,三菱化工機,12,10,2,0,0.8333333333333334,0.16666666666666666,11.928862831489587,15.67159863394204,13.0
7013.T,ＩＨＩ,21,17,1,3,0.8095238095238095,0.047619047619047616,11.756131164843149,13.128000398249126,10.952380952380953
6524.T,湖北工業,8,6,2,0,0.75,0.25,12.780260498619203,18.451930417581764,10.25
6961.T,エンプラス,4,3,1,0,0.75,0.25,18.41001431063013,25.896789502651757,10.0
8303.T,ＳＢＩ新生銀行,4,3,0,1,0.75,0.0,1469196957.1606228,1956846816.3338664,18.75
4980.T,デクセリアルズ,11,8,2,1,0.7272727272727273,0.18181818181818182,11.248837807766048,14.835070611672013,9.454545454545455
4475.T,ＨＥＮＮＧＥ,6,4,1,1,0.6666666666666666,0.16666666666666666,12.375390264371662,16.559801281332085,10.833333333333334
6941.T,山一電機,6,4,2,0,0.6666666666666666,0.3333333333333333,7.420085803922345,13.07186442136485,8.833333333333334
7760.T,ＩＭＶ,6,4,1,1,0.6666666666666666,0.16666666666666666,10.304072188768352,13.940372334373954,12.333333333333334
1921.T,巴コーポレーション,3,2,0,1,0.6666666666666666,0.0,15.259086712268216,14.889474277944167,13.333333333333334
4107.T,伊勢化学工業,3,2,1,0,0.6666666666666666,0.3333333333333333,4.976539729987611,10.899180736817952,6.666666666666667
4792.T,山田コンサルティンググループ,3,2,0,1,0.6666666666666666,0.0,19.7916831082985,14.339618003855772,18.333333333333332
6023.T,ダイハツインフィニアース,3,2,0,1,0.6666666666666666,0.0,11.425139513736658,10.196902622481819,9.666666666666666
6823.T,リオン,3,2,0,1,0.6666666666666666,0.0,9.34673667247442,13.978494623655912,15.666666666666666
9962.T,ミスミグループ本社,3,2,1,0,0.6666666666666666,0.3333333333333333,10.005008110390012,14.35700575815739,10.333333333333334
3561.T,力の源ホールディングス,8,5,1,2,0.625,0.125,10.355398867388203,13.92086984586981,10.875
9766.T,コナミグループ,18,11,1,6,0.6111111111111112,0.05555555555555555,9.056009080703559,12.786490558887987,14.5
6264.T,マルマエ,5,3,2,0,0.6,0.4,7.344497367996024,14.218748247626218,6.6
6101.T,ツガミ,7,4,0,3,0.5714285714285714,0.0,9.00031178460068,14.254500224445504,17.0
4519.T,中外製薬,16,8,6,2,0.5,0.375,5.817754180490029,13.34211832640997,12.1875
1515.T,日鉄鉱業,10,5,3,2,0.5,0.3,7.607861942457495,13.598837009343638,14.1
7685.T,ＢｕｙＳｅｌｌ　Ｔｅｃｈｎｏｌｏｇｉｅｓ,10,5,4,1,0.5,0.4,2.7374441359327113,3.9335722805909406,7.3
4025.T,多木化学,8,4,1,3,0.5,0.125,6.718251415203547,6.994541606327281,8.5
3097.T,物語コーポレーション,6,3,0,3,0.5,0.0,7.721581332910795,7.383196446397965,13.833333333333334
3110.T,日東紡績,6,3,3,0,0.5,0.5,6.601984036754421,5.27726049396944,6.333333333333333
1948.T,弘電社,4,2,1,1,0.5,0.25,9.20555073778836,13.503084289190738,14.5
2413.T,エムスリー,4,2,1,1,0.5,0.25,7.393257788613583,7.603455977595916,13.0
6871.T,日本マイクロニクス,4,2,1,1,0.5,0.25,7.128060220147644,10.218769314526735,9.5
6946.T,日本アビオニクス,4,2,1,1,0.5,0.25,7.099661778500638,8.705383420872309,10.0
2980.T,ＳＲＥホールディングス,2,1,1,0,0.5,0.5,4.838417411711931,4.838417411711931,16.5
4973.T,日本高純度化学,2,1,1,0,0.5,0.5,5.9349593495934965,5.9349593495934965,4.5
6653.T,正興電機製作所,2,1,1,0,0.5,0.5,6.428022213704231,6.428022213704231,5.0
6857.T,アドバンテスト,2,1,1,0,0.5,0.5,2.5863214416864935,2.5863214416864935,8.0
9845.T,パーカーコーポレーション,2,1,1,0,0.5,0.5,3.77538267871829,3.77538267871829,13.0
8334.T,群馬銀行,18,8,2,8,0.4444444444444444,0.1111111111111111,7.074154655911483,8.708764699511008,16.88888888888889
3661.T,エムアップホールディングス,9,4,3,2,0.4444444444444444,0.3333333333333333,6.309813231221952,10.951895907386504,11.666666666666666
7730.T,マニー,9,4,3,2,0.4444444444444444,0.3333333333333333,5.566536804857067,0.6547619047619048,8.555555555555555
4417.T,グローバルセキュリティエキスパート,7,3,4,0,0.42857142857142855,0.5714285714285714,6.067904767575166,-5.015253094519001,5.571428571428571
6098.T,リクルートホールディングス,7,3,1,3,0.42857142857142855,0.14285714285714285,10.356904391831062,12.179308986805813,17.714285714285715
4051.T,ＧＭＯフィナンシャルゲート,12,5,4,3,0.4166666666666667,0.3333333333333333,5.259795445915864,8.044205392866596,11.583333333333334
4187.T,大阪有機化学工業,12,5,3,4,0.4166666666666667,0.25,5.364112289999756,5.3635623754843555,12.083333333333334
6200.T,インソース,12,5,4,3,0.4166666666666667,0.3333333333333333,5.166093348048371,8.640579029452198,12.75
6532.T,ベイカレント,17,7,6,4,0.4117647058823529,0.35294117647058826,5.3949630222850375,9.704986585703038,13.705882352941176
6914.T,オプテックスグループ,20,8,5,7,0.4,0.25,6.2883594846578195,4.031532074156008,14.45
3932.T,アカツキ,10,4,1,5,0.4,0.1,7.1598975281147785,5.950535165897249,15.4
5989.T,エイチワン,10,4,5,1,0.4,0.5,4.677648052557446,3.670422651778307,12.2
9684.T,スクウェア・エニックス・ホールディングス,10,4,3,3,0.4,0.3,6.5928604487453955,5.2455620888681125,14.5
6146.T,ディスコ,5,2,2,1,0.4,0.4,4.8064729460063855,8.847187686770864,11.0
6742.T,京三製作所,5,2,2,1,0.4,0.4,3.4343149117160707,2.2857241835369444,11.8
7177.T,ＧＭＯフィナンシャルホールディングス,5,2,1,2,0.4,0.2,8.411034406029177,11.015735688976347,14.8
7279.T,ハイレックスコーポレーション,5,2,0,3,0.4,0.0,9.409143902382908,7.936507834021593,18.4
7803.T,ブシロード,5,2,2,1,0.4,0.4,2.8378208379689194,3.2305433186490458,14.0
6841.T,横河電機,23,9,6,8,0.391304347826087,0.2608695652173913,6.5111032041415795,8.195547734455026,14.173913043478262
2726.T,パルグループホールディングス,18,7,5,6,0.3888888888888889,0.2777777777777778,4.735045038638188,0.7096088997850777,12.833333333333334
7936.T,アシックス,27,10,7,10,0.37037037037037035,0.25925925925925924,5.560154729180916,6.5964992776262195,13.148148148148149
8830.T,住友不動産,33,12,9,12,0.36363636363636365,0.2727272727272727,6.0671785187920575,6.844801478043252,14.303030303030303
3482.T,ロードスターキャピタル,11,4,5,2,0.36363636363636365,0.45454545454545453,4.147317376731764,0.832464629323647,15.272727272727273
4413.T,ボードルア,11,4,7,0,0.36363636363636365,0.6363636363636364,1.4505319292249714,-5.513016239372474,8.727272727272727
6947.T,図研,18,6,9,3,0.3333333333333333,0.5,3.3884380601643045,1.2807358146797299,13.11111111111111
6981.T,村田製作所,15,5,3,7,0.3333333333333333,0.2,4.6308869147067595,4.400968516376416,14.666666666666666
2492.T,インフォマート,12,4,6,2,0.3333333333333333,0.5,3.0622627537184255,2.3776865894063675,10.583333333333334
3964.T,オークネット,9,3,1,5,0.3333333333333333,0.1111111111111111,8.938943073587867,4.708996103615615,14.0
4680.T,ラウンドワン,6,2,3,1,0.3333333333333333,0.5,1.7487359294421039,-2.3586654353847907,8.833333333333334
4443.T,Ｓａｎｓａｎ,3,1,0,2,0.3333333333333333,0.0,4.627108088978769,5.495534406042951,20.0
4828.T,ビジネスエンジニアリング,3,1,2,0,0.3333333333333333,0.6666666666666666,0.08772877044390448,-5.628743279319324,5.333333333333333
6788.T,日本トリム,3,1,0,2,0.3333333333333333,0.0,6.086665951168455,4.931504396260647,15.333333333333334
6824.T,新コスモス電機,3,1,0,2,0.3333333333333333,0.0,6.820160758213286,3.7267048597486663,18.0
4568.T,第一三共,22,7,10,5,0.3181818181818182,0.45454545454545453,1.9014246802682804,0.342072266090638,12.590909090909092
7157.T,ライフネット生命保険,19,6,2,11,0.3157894736842105,0.10526315789473684,6.998014973647734,8.141702921068987,16.157894736842106
8601.T,大和証券グループ本社,16,5,2,9,0.3125,0.125,5.354787498131105,6.2646554003576975,15.4375
9983.T,ファーストリテイリング,16,5,3,8,0.3125,0.1875,5.731429254256674,5.1313657691533745,15.75
5803.T,フジクラ,13,4,3,6,0.3076923076923077,0.23076923076923078,7.086643487946898,8.573942390176178,14.153846153846153
6866.T,日置電機,13,4,7,2,0.3076923076923077,0.5384615384615384,1.279059232959484,-5.098053504510778,15.923076923076923
7184.T,富山第一銀行,13,4,8,1,0.3076923076923077,0.6153846153846154,0.857998300125004,-5.681817884443686,9.307692307692308
4966.T,上村工業,23,7,13,3,0.30434782608695654,0.5652173913043478,-0.5033686471463674,-5.309727436925018,8.869565217391305
2805.T,ヱスビー食品,17,5,1,11,0.29411764705882354,0.058823529411764705,6.978172888274001,6.142037473234446,17.647058823529413
7564.T,ワークマン,17,5,10,2,0.29411764705882354,0.5882352941176471,0.5925645474655019,-5.272113069654171,10.176470588235293
8050.T,セイコーグループ,17,5,6,6,0.29411764705882354,0.35294117647058826,5.306174695418086,3.846150060217491,13.294117647058824
6465.T,ホシザキ,24,7,7,10,0.2916666666666667,0.2916666666666667,4.960058778154472,5.565467551991245,14.208333333333334
6454.T,マックス,21,6,2,13,0.2857142857142857,0.09523809523809523,6.84711068934004,7.131287758145108,15.80952380952381
3104.T,富士紡ホールディングス,14,4,8,2,0.2857142857142857,0.5714285714285714,0.26584360372794297,-5.341497264051847,10.571428571428571
5331.T,ノリタケ,14,4,0,10,0.2857142857142857,0.0,3.4945626955693707,1.8965306629543266,17.642857142857142
9279.T,ギフトホールディングス,14,4,9,1,0.2857142857142857,0.6428571428571429,0.5605974607865152,-5.749295769922806,9.714285714285714
8061.T,西華産業,7,2,3,2,0.2857142857142857,0.42857142857142855,0.38614419252242893,5.1956746367848285e-06,12.571428571428571
9305.T,ヤマタネ,7,2,0,5,0.2857142857142857,0.0,8.9020978037386,8.613143063062877,18.0
8253.T,クレディセゾン,36,10,11,15,0.2777777777777778,0.3055555555555556,3.1151602333117983,2.26974129989918,15.277777777777779
2371.T,カカクコム,18,5,6,7,0.2777777777777778,0.3333333333333333,2.6939670413650907,2.8082250936687494,13.777777777777779
4617.T,中国塗料,18,5,7,6,0.2777777777777778,0.3888888888888889,2.2274229883485313,1.4993152603136148,12.277777777777779
8022.T,美津濃,18,5,11,2,0.2777777777777778,0.6111111111111112,0.7942814214661984,-5.609099898538545,11.88888888888889
4825.T,ウェザーニューズ,11,3,7,1,0.2727272727272727,0.6363636363636364,1.4125736445056774,-5.97014799654252,12.272727272727273
6226.T,守谷輸送機工業,11,3,8,0,0.2727272727272727,0.7272727272727273,-0.8377175246989569,-5.797106531941104,6.545454545454546
6859.T,エスペック,11,3,6,2,0.2727272727272727,0.5454545454545454,2.0051085130283757,-5.013927654005317,10.636363636363637
7735.T,ＳＣＲＥＥＮホールディングス,11,3,6,2,0.2727272727272727,0.5454545454545454,-0.050260711647468787,-5.377282209527819,8.818181818181818
8697.T,日本取引所グループ,15,4,5,6,0.26666666666666666,0.3333333333333333,4.007227057914505,3.3315592366555036,15.466666666666667
7906.T,ヨネックス,19,5,5,9,0.2631578947368421,0.2631578947368421,4.11515230105924,3.4828492794526205,14.052631578947368
1942.T,関電工,24,6,3,15,0.25,0.125,3.9926803204097774,3.2016782521862455,15.75
2327.T,日鉄ソリューションズ,16,4,5,7,0.25,0.3125,2.577358391367671,0.030277370669728132,13.375
3445.T,ＲＳ　Ｔｅｃｈｎｏｌｏｇｉｅｓ,12,3,6,3,0.25,0.5,0.5828930082338273,-2.5542776924636392,10.916666666666666
4528.T,小野薬品工業,12,3,6,3,0.25,0.5,2.3812419096876196,-0.6667985979636408,13.5
8704.T,トレイダーズホールディングス,12,3,4,5,0.25,0.3333333333333333,2.9397855297698956,2.3310314151849547,11.416666666666666
4686.T,ジャストシステム,8,2,3,3,0.25,0.375,2.1681050838217497,1.4230323310986523,14.125
5838.T,楽天銀行,8,2,6,0,0.25,0.75,-0.4628105200831256,-5.223600209314495,6.25
6278.T,ユニオンツール,8,2,6,0,0.25,0.75,-0.5574585513441419,-5.869866006060347,7.625
6644.T,大崎電気工業,8,2,2,4,0.25,0.25,3.366449745147671,2.1484814975127793,15.375
3679.T,じげん,4,1,1,2,0.25,0.25,3.8882143273845644,3.340581013200701,13.75
5889.T,Ｊａｐａｎ　Ｅｙｅｗｅａｒ　Ｈｏｌｄｉｎｇｓ,4,1,2,1,0.25,0.5,2.4265882582856264,-0.902695111318635,7.5
6237.T,イワキポンプ,4,1,2,1,0.25,0.5,0.23469597087555466,-3.7295222691834753,9.0
7806.T,ＭＴＧ,4,1,1,2,0.25,0.25,4.366070060980577,2.1673717736064564,13.75
7199.T,プレミアグループ,17,4,11,2,0.23529411764705882,0.6470588235294118,-0.6554850169867423,-5.8875607429626875,13.0
2326.T,デジタルアーツ,13,3,1,9,0.23076923076923078,0.07692307692307693,5.9006933552915175,5.290094231054449,16.53846153846154
5334.T,日本特殊陶業,13,3,2,8,0.23076923076923078,0.15384615384615385,3.113578141181375,0.8815605166330435,14.846153846153847
6544.T,ジャパンエレベーターサービスホールディングス,22,5,8,9,0.22727272727272727,0.36363636363636365,2.7423605728221565,0.696317275243614,12.909090909090908
4028.T,石原産業,31,7,9,15,0.22580645161290322,0.2903225806451613,2.385071802424684,-2.3109260602371577,16.451612903225808
2222.T,寿スピリッツ,9,2,3,4,0.2222222222222222,0.3333333333333333,2.7238796678442703,5.198238245975374,11.88888888888889
3093.T,トレジャー・ファクトリー,9,2,6,1,0.2222222222222222,0.6666666666666666,1.228148165711688,-5.787236995494575,9.333333333333334
4419.T,Ｆｉｎａｔｅｘｔホールディングス,9,2,5,2,0.2222222222222222,0.5555555555555556,0.030105877899162675,-5.188679245283019,8.0
8604.T,野村ホールディングス,23,5,9,9,0.21739130434782608,0.391304347826087,2.4275860054567238,2.7406455476801668,16.782608695652176
4578.T,大塚ホールディングス,14,3,4,7,0.21428571428571427,0.2857142857142857,3.1081945949949032,1.8311292693406758,17.0
7745.T,Ａ＆Ｄホロンホールディングス,14,3,9,2,0.21428571428571427,0.6428571428571429,-0.03824917836672533,-5.813233462508695,9.5
5805.T,ＳＷＣＣ,25,5,12,8,0.2,0.48,-0.19657081796394735,-3.3809730623765146,11.76
7832.T,バンダイナムコホールディングス,25,5,6,14,0.2,0.24,3.232376264277605,1.7317439537539978,16.76
1414.T,ショーボンドホールディングス,15,3,2,10,0.2,0.13333333333333333,3.4070050526368267,0.7738504468288754,17.466666666666665
6592.T,マブチモーター,15,3,5,7,0.2,0.3333333333333333,3.2530388146236358,4.124418229628246,14.533333333333333
2975.T,スター・マイカ・ホールディングス,10,2,2,6,0.2,0.2,6.9462243902849234,8.390259914124464,17.5
4687.T,ＴＤＣソフト,10,2,5,3,0.2,0.5,1.080012736102271,-1.8605231982012627,13.5
6136.T,オーエスジー,10,2,2,6,0.2,0.2,4.185886409205257,4.401985872999801,17.6
6326.T,クボタ,10,2,3,5,0.2,0.3,4.141713357781354,7.3777221741548615,15.8
1885.T,東亜建設工業,5,1,4,0,0.2,0.8,-2.3958408531420776,-5.703759519163,13.0
1946.T,トーエネック,5,1,3,1,0.2,0.6,-0.2468096632325924,-5.0092696677654915,11.4
3288.T,オープンハウスグループ,5,1,2,2,0.2,0.4,-0.9124748528632839,-4.801564100336712,14.0
4369.T,トリケミカル研究所,5,1,0,4,0.2,0.0,9.736052898868088,10.933112266203633,18.4
6754.T,アンリツ,5,1,1,3,0.2,0.2,5.749861878191944,6.30934866066892,16.0
6785.T,鈴木,5,1,1,3,0.2,0.2,4.243421912025802,4.566397647942516,17.4
8035.T,東京エレクトロン,16,3,8,5,0.1875,0.5,0.042517640660440836,-3.616921017156193,12.4375
8411.T,みずほフィナンシャルグループ,16,3,6,7,0.1875,0.375,1.0581350019354236,0.3857811547439647,15.125
8923.T,トーセイ,38,7,6,25,0.18421052631578946,0.15789473684210525,5.056804593280462,5.473152158095113,17.07894736842105
4071.T,プラスアルファ・コンサルティング,11,2,1,8,0.18181818181818182,0.09090909090909091,3.2223516886920875,2.352437981180496,17.0
4527.T,ロート製薬,11,2,6,3,0.18181818181818182,0.5454545454545454,0.27745233224973354,-5.415446142902856,14.181818181818182
7729.T,東京精密,11,2,3,6,0.18181818181818182,0.2727272727272727,2.2526693587808464,1.6277807921866523,12.818181818181818
8919.T,カチタス,11,2,8,1,0.18181818181818182,0.7272727272727273,-1.9391566653748706,-5.494003471507282,10.909090909090908
8309.T,三井住友トラストグループ,28,5,6,17,0.17857142857142858,0.21428571428571427,3.779916705001488,3.902932914501453,17.25
3289.T,東急不動産ホールディングス,24,4,5,15,0.16666666666666666,0.20833333333333334,4.28924655762549,4.417823017391972,16.791666666666668
1968.T,太平電業,18,3,3,12,0.16666666666666666,0.16666666666666666,3.994669799349589,4.130795738342001,15.5
5801.T,古河電気工業,12,2,4,6,0.16666666666666666,0.3333333333333333,-0.11291650724876294,-3.447969372597301,13.25
8707.T,岩井コスモホールディングス,12,2,1,9,0.16666666666666666,0.08333333333333333,4.691796806506141,3.6197578106587516,17.083333333333332
5830.T,いよぎんホールディングス,6,1,2,3,0.16666666666666666,0.3333333333333333,0.4046308179595563,-1.4117910417603827,14.5
6273.T,ＳＭＣ,6,1,3,2,0.16666666666666666,0.5,2.477424099355255,1.7635534357352403,11.5
6856.T,堀場製作所,6,1,3,2,0.16666666666666666,0.5,1.5075848736932074,-0.011542091002905153,10.833333333333334
7173.T,東京きらぼしフィナンシャルグループ,19,3,9,7,0.15789473684210525,0.47368421052631576,-0.40555910022268266,-4.659497286646843,13.473684210526315
1871.T,ピーエス・コンストラクション,13,2,0,11,0.15384615384615385,0.0,4.840271828061115,2.531645899566418,19.46153846153846
3433.T,トーカロ,20,3,4,13,0.15,0.2,3.254108765385054,5.536479836075833,14.85
5344.T,ＭＡＲＵＷＡ,20,3,6,11,0.15,0.3,3.9969647202191645,5.778850773897903,15.15
8308.T,りそなホールディングス,20,3,5,12,0.15,0.25,2.14085417851913,3.3934628159920757,15.65
9824.T,泉州電業,20,3,8,9,0.15,0.4,0.8572326520416157,-0.7109087750251171,13.15
2121.T,ＭＩＸＩ,27,4,6,17,0.14814814814814814,0.2222222222222222,3.2579356782241438,3.9540822976144483,16.48148148148148
7269.T,スズキ,28,4,18,6,0.14285714285714285,0.6428571428571429,-1.395549369339798,-6.047475521611701,11.571428571428571
8370.T,紀陽銀行,28,4,2,22,0.14285714285714285,0.07142857142857142,5.587526263087223,6.022766542447567,18.464285714285715
7974.T,任天堂,21,3,6,12,0.14285714285714285,0.2857142857142857,-0.9381050976839211,-1.188378965721051,14.666666666666666
8377.T,ほくほくフィナンシャルグループ,21,3,6,12,0.14285714285714285,0.2857142857142857,4.764851756985119,3.704290011081209,16.285714285714285
4368.T,扶桑化学工業,14,2,6,6,0.14285714285714285,0.42857142857142855,2.6023222533901853,1.8831175765627255,16.428571428571427
4385.T,メルカリ,14,2,7,5,0.14285714285714285,0.5,-0.7283360120450093,-5.030438318948038,9.642857142857142
6507.T,シンフォニアテクノロジー,14,2,9,3,0.14285714285714285,0.6428571428571429,-1.9017086976652995,-5.198555577919597,10.142857142857142
9889.T,ＪＢＣＣホールディングス,14,2,4,8,0.14285714285714285,0.2857142857142857,4.197125453359221,5.732710959471054,15.0
3697.T,ＳＨＩＦＴ,7,1,3,3,0.14285714285714285,0.42857142857142855,0.7407775950034647,-2.8200253485424587,13.428571428571429
4194.T,ビジョナル,7,1,5,1,0.14285714285714285,0.7142857142857143,-4.260106372020954,-6.0638297872340425,10.142857142857142
5101.T,横浜ゴム,7,1,4,2,0.14285714285714285,0.5714285714285714,0.1315884028664571,-5.004468275245752,10.714285714285714
5288.T,アジアパイルホールディングス,7,1,2,4,0.14285714285714285,0.2857142857142857,2.7132251597914303,4.248370314455426,12.857142857142858
5981.T,東京製綱,7,1,1,5,0.14285714285714285,0.14285714285714285,3.5878372461108095,2.1454837216087217,17.0
6227.T,ＡＩメカテック,7,1,6,0,0.14285714285714285,0.8571428571428571,-3.682483509360796,-6.666669291834677,9.571428571428571
6432.T,竹内製作所,7,1,4,2,0.14285714285714285,0.5714285714285714,-1.3257822689795502,-5.100304975349228,10.714285714285714
8111.T,ゴールドウイン,7,1,4,2,0.14285714285714285,0.5714285714285714,-1.7817575245179802,-5.030460717504568,15.142857142857142
3563.T,ＦＯＯＤ　＆　ＬＩＦＥ　ＣＯＭＰＡＮＩＥＳ,15,2,10,3,0.13333333333333333,0.6666666666666666,-1.8491167139159643,-5.792249943490401,9.466666666666667
5351.T,品川リフラ,15,2,9,4,0.13333333333333333,0.6,-0.33237210663948885,-5.1616259299029,12.266666666666667
5844.T,京都フィナンシャルグループ,23,3,6,14,0.13043478260869565,0.2608695652173913,2.365131595576317,4.930243670818012,17.217391304347824
9336.T,大栄環境,23,3,6,14,0.13043478260869565,0.2608695652173913,1.6673793233003087,1.863610491176988,18.391304347826086
7011.T,三菱重工業,24,3,11,10,0.125,0.4583333333333333,0.9829673887178293,-2.7216906253615836,13.541666666666666
2674.T,ハードオフコーポレーション,8,1,0,7,0.125,0.0,5.6755733276656475,4.5245665976935285,18.375
5715.T,古河機械金属,8,1,1,6,0.125,0.125,1.946318828254391,2.581507895268696,18.25
6078.T,バリューＨＲ,8,1,2,5,0.125,0.25,3.2569809118965116,5.174381061912525,15.125
8341.T,七十七銀行,33,4,4,25,0.12121212121212122,0.12121212121212122,2.6482135973017122,3.3650793650793656,17.03030303030303
1961.T,三機工業,25,3,4,18,0.12,0.16,4.939388183724008,6.3113695527983324,17.64
6407.T,ＣＫＤ,17,2,5,10,0.11764705882352941,0.29411764705882354,3.643191040535722,2.9591816338694077,17.470588235294116
6501.T,日立製作所,17,2,6,9,0.11764705882352941,0.35294117647058826,1.9037230931619016,3.7634368279088846,15.117647058823529
7595.T,アルゴグラフィックス,17,2,4,11,0.11764705882352941,0.23529411764705882,1.114937489002341,0.41152008973432497,17.647058823529413
4272.T,日本化薬,36,4,3,29,0.1111111111111111,0.08333333333333333,3.563745956455018,2.258484717719818,19.0
8630.T,ＳＯＭＰＯホールディングス,27,3,7,17,0.1111111111111111,0.25925925925925924,3.0172253118291357,3.5229462839305024,15.481481481481481
7167.T,めぶきフィナンシャルグループ,18,2,3,13,0.1111111111111111,0.16666666666666666,3.1787062884507464,1.821194913399539,16.38888888888889
4540.T,ツムラ,9,1,4,4,0.1111111111111111,0.4444444444444444,-2.1022571451409897,-3.1290355772128193,12.777777777777779
4722.T,フューチャー,9,1,6,2,0.1111111111111111,0.6666666666666666,-2.0946584175211274,-5.246913748818844,14.0
6013.T,タクマ,9,1,2,6,0.1111111111111111,0.2222222222222222,6.043125592638702,6.988635286132848,16.444444444444443
7979.T,松風,9,1,5,3,0.1111111111111111,0.5555555555555556,-1.880783517309302,-5.082602232641634,13.444444444444445
9449.T,ＧＭＯインターネットグループ,9,1,0,8,0.1111111111111111,0.0,6.585765587276631,4.967485197360896,18.333333333333332
2782.T,セリア,10,1,7,2,0.1,0.7,-4.1006840041480235,-5.73973277622054,14.9
3480.T,ジェイ・エス・ビー,10,1,2,7,0.1,0.2,2.753194955645697,2.512870956744739,17.6
6269.T,三井海洋開発,10,1,2,7,0.1,0.2,3.0579263691465,3.5189989873961727,15.9
6508.T,明電舎,10,1,9,0,0.1,0.9,-4.557520652631274,-6.185293409603368,8.2
6861.T,キーエンス,10,1,7,2,0.1,0.7,-0.8679463372669979,-5.432897684379261,11.1
7085.T,カーブスホールディングス,10,1,5,4,0.1,0.5,-1.7850171873362632,-4.225736952808828,12.3
5302.T,日本カーボン,41,4,0,37,0.0975609756097561,0.0,3.0699650344827667,1.7877183075165195,18.4390243902439
4733.T,オービックビジネスコンサルタント,31,3,3,25,0.0967741935483871,0.0967741935483871,3.95460385524449,3.3672422336482377,18.967741935483872
9882.T,イエローハット,32,3,8,21,0.09375,0.25,1.4259204644478936,1.3343410787455277,16.8125
1801.T,大成建設,43,4,3,36,0.09302325581395349,0.06976744186046512,3.1960050202584678,3.3556943662454266,18.697674418604652
3046.T,ジンズホールディングス,11,1,7,3,0.09090909090909091,0.6363636363636364,-1.3598352827250573,-5.399316648652264,11.727272727272727
4021.T,日産化学,11,1,5,5,0.09090909090909091,0.45454545454545453,-0.46478750897164967,-2.9542085710326313,13.272727272727273
6080.T,Ｍ＆Ａキャピタルパートナーズ,11,1,4,6,0.09090909090909091,0.36363636363636365,1.3786866017453563,3.474320241691843,13.636363636363637
9621.T,建設技術研究所,11,1,7,3,0.09090909090909091,0.6363636363636364,-2.6727417478091966,-6.213592233009709,10.727272727272727
4812.T,電通総研,46,4,26,16,0.08695652173913043,0.5652173913043478,-1.6737089169613857,-5.178572934392037,13.58695652173913
8850.T,スターツコーポレーション,46,4,6,36,0.08695652173913043,0.13043478260869565,3.0884242689319223,3.307642740492132,18.73913043478261
6143.T,ソディック,23,2,6,15,0.08695652173913043,0.2608695652173913,1.0282355711598439,-0.9396002684147527,16.434782608695652
3569.T,セーレン,24,2,10,12,0.08333333333333333,0.4166666666666667,2.4878933652038158,1.122346070393617,14.541666666666666
4373.T,シンプレクス・ホールディングス,24,2,15,7,0.08333333333333333,0.625,-0.7558996202690457,-5.1691229279941595,12.916666666666666
4099.T,四国化成ホールディングス,12,1,5,6,0.08333333333333333,0.4166666666666667,1.0548758173079307,-1.1719071359990711,16.416666666666668
4377.T,ワンキャリア,12,1,4,7,0.08333333333333333,0.3333333333333333,2.434001026542085,4.33911419957828,13.833333333333334
4626.T,太陽ホールディングス,12,1,3,8,0.08333333333333333,0.25,0.4074064281128483,-0.002704162492943446,16.666666666666668
5384.T,フジミインコーポレーテッド,12,1,6,5,0.08333333333333333,0.5,-2.8612174230793133,-4.473840004290391,13.833333333333334
9202.T,ＡＮＡホールディングス,12,1,7,4,0.08333333333333333,0.5833333333333334,-2.613556904259816,-5.02331432752934,16.0
9616.T,共立メンテナンス,12,1,6,5,0.08333333333333333,0.5,1.9014218624362094,-1.1349717670328374,14.416666666666666
4503.T,アステラス製薬,13,1,8,4,0.07692307692307693,0.6153846153846154,-1.0465673837147347,-5.435839091512555,11.538461538461538
2801.T,キッコーマン,28,2,6,20,0.07142857142857142,0.21428571428571427,1.5929539009530695,0.6079960782102192,17.428571428571427
3659.T,ネクソン,14,1,7,6,0.07142857142857142,0.5,-1.3836087128469725,-2.4113529072765,12.714285714285714
7282.T,豊田合成,14,1,4,9,0.07142857142857142,0.2857142857142857,-0.1286692413461843,-1.09363632627629,17.285714285714285
4432.T,ウイングアーク１ｓｔ,15,1,4,10,0.06666666666666667,0.26666666666666666,2.987072699688588,4.657933747706399,16.133333333333333
4975.T,ＪＣＵ,15,1,10,4,0.06666666666666667,0.6666666666666666,-1.356827744840625,-5.181342590865542,12.0
7337.T,ひろぎんホールディングス,15,1,6,8,0.06666666666666667,0.4,-0.4398424656490241,2.4680890568266483,15.266666666666667
7733.T,オリンパス,16,1,5,10,0.0625,0.3125,0.8812557690350871,0.8542236232338658,14.9375
2353.T,日本駐車場開発,17,1,11,5,0.058823529411764705,0.6470588235294118,-0.5708136777371765,-5.576208780459114,11.411764705882353
9412.T,スカパーＪＳＡＴホールディングス,17,1,9,7,0.058823529411764705,0.5294117647058824,-1.1682238359457284,-5.090905125429324,14.764705882352942
6448.T,ブラザー工業,19,1,3,15,0.05263157894736842,0.15789473684210525,2.932774525644928,4.101154635164703,18.31578947368421
7734.T,理研計器,20,1,14,5,0.05,0.7,-3.8655520853381717,-5.897654486315589,10.0
3091.T,ブロンコビリー,22,1,4,17,0.045454545454545456,0.18181818181818182,0.6368148464391551,0.6632387399114814,18.363636363636363
5706.T,三井金属,24,1,7,16,0.041666666666666664,0.2916666666666667,0.8477791164927063,0.3764355604384041,15.791666666666666
5802.T,住友電気工業,25,1,4,20,0.04,0.16,2.786589383164228,3.7179503331065122,17.92
9021.T,西日本旅客鉄道,25,1,7,17,0.04,0.28,0.7763311677930673,2.2409982433329856,16.12
9706.T,日本空港ビルデング,25,1,7,17,0.04,0.28,0.3585436843210661,-0.9657457013665769,17.36
1820.T,西松建設,28,1,8,19,0.03571428571428571,0.2857142857142857,-0.8930940564148317,-1.6828804972121638,18.107142857142858
2802.T,味の素,28,1,12,15,0.03571428571428571,0.42857142857142855,-0.7815851534411966,-4.355883398300392,15.964285714285714
4091.T,日本酸素ホールディングス,29,1,10,18,0.034482758620689655,0.3448275862068966,-0.5896210667640696,-0.7436946793065017,16.689655172413794
7242.T,カヤバ,33,1,1,31,0.030303030303030304,0.030303030303030304,5.428547580292653,5.346527965555933,19.545454545454547
3231.T,野村不動産ホールディングス,42,1,7,34,0.023809523809523808,0.16666666666666666,2.079900952179751,1.787855250543521,18.166666666666668
1926.T,ライト工業,56,0,5,51,0.0,0.08928571428571429,2.005938985996427,2.1990915731368297,18.839285714285715
9934.T,因幡電機産業,49,0,5,44,0.0,0.10204081632653061,0.5580557321827764,-0.15821496069504512,18.510204081632654
9003.T,相鉄ホールディングス,41,0,7,34,0.0,0.17073170731707318,1.1870006896360148,2.0444470458931097,18.78048780487805
8425.T,みずほリース,39,0,2,37,0.0,0.05128205128205128,4.413409014830081,4.408590701568221,19.46153846153846
9759.T,ＮＳＤ,37,0,16,21,0.0,0.43243243243243246,-0.6800733878373274,-0.8134767057613356,16.783783783783782
2914.T,日本たばこ産業,35,0,1,34,0.0,0.02857142857142857,3.137064666276511,2.9562542720437457,19.37142857142857
4732.T,ユー・エス・エス,35,0,6,29,0.0,0.17142857142857143,2.036202108705722,1.895734471217306,18.742857142857144
8174.T,日本瓦斯,35,0,10,25,0.0,0.2857142857142857,-0.1178880814353534,-0.6464747317482173,16.885714285714286
3076.T,あい　ホールディングス,34,0,9,25,0.0,0.2647058823529412,-0.1179953391455134,-0.27605913401219806,17.88235294117647
4681.T,リゾートトラスト,34,0,15,19,0.0,0.4411764705882353,0.059627828481775,-0.023410582022435622,15.029411764705882
8609.T,岡三証券グループ,34,0,3,31,0.0,0.08823529411764706,4.017195731450188,4.593552367184308,18.91176470588235
5108.T,ブリヂストン,32,0,5,27,0.0,0.15625,3.608904548791773,4.360365279483355,18.4375
3774.T,インターネットイニシアティブ,31,0,14,17,0.0,0.45161290322580644,-1.285065951989142,-2.9340850055400898,15.161290322580646
7984.T,コクヨ,31,0,4,27,0.0,0.12903225806451613,1.4987985902028549,2.045931833679284,19.161290322580644
2503.T,キリンホールディングス,28,0,4,24,0.0,0.14285714285714285,0.34518242757239964,-0.1530523693269245,18.25
7458.T,第一興商,28,0,11,17,0.0,0.39285714285714285,0.0789048337126496,-1.889992608037398,15.5
9142.T,九州旅客鉄道,28,0,3,25,0.0,0.10714285714285714,1.0663056713993184,1.2275850947828149,19.071428571428573
9682.T,ＤＴＳ,27,0,19,8,0.0,0.7037037037037037,-6.6587545386208555,-6.25909288471582,13.555555555555555
9005.T,東急,26,0,9,17,0.0,0.34615384615384615,-2.528985890365606,-3.562695758452935,17.807692307692307
3543.T,コメダホールディングス,25,0,6,19,0.0,0.24,0.5758783835021473,1.5062979014229063,17.72
4716.T,日本オラクル,25,0,6,19,0.0,0.24,1.4667237237396151,-0.6232690573563612,17.72
8572.T,アコム,25,0,5,20,0.0,0.2,0.3901303177169256,1.108311945746613,18.04
4507.T,塩野義製薬,24,0,12,12,0.0,0.5,-1.1533801873478702,-4.474067241997385,14.666666666666666
5076.T,インフロニア・ホールディングス,24,0,5,19,0.0,0.20833333333333334,-0.44104298099014105,1.3403675096696768,17.25
8439.T,東京センチュリー,24,0,5,19,0.0,0.20833333333333334,1.344689144393347,2.394476704002022,17.333333333333332
8803.T,平和不動産,24,0,5,19,0.0,0.20833333333333334,-0.19508398251254847,-0.18890854499682544,17.125
3003.T,ヒューリック,23,0,2,21,0.0,0.08695652173913043,2.647953469265133,3.2154990445057465,19.47826086956522
2875.T,東洋水産,22,0,9,13,0.0,0.4090909090909091,-1.9540342975773888,-2.54058094927563,15.681818181818182
6135.T,牧野フライス製作所,22,0,8,14,0.0,0.36363636363636365,-2.5784648572308244,-1.2666946620261244,17.045454545454547
7741.T,ＨＯＹＡ,22,0,11,11,0.0,0.5,-1.5217294983887568,-3.996651817975982,13.454545454545455
8613.T,丸三証券,22,0,1,21,0.0,0.045454545454545456,2.5784685848293165,4.070275786046735,18.0
9022.T,東海旅客鉄道,22,0,3,19,0.0,0.13636363636363635,2.33984024699624,4.261662837974903,17.90909090909091
5393.T,ニチアス,21,0,4,17,0.0,0.19047619047619047,1.4961479627472958,3.401970332552758,17.047619047619047
6301.T,小松製作所,21,0,9,12,0.0,0.42857142857142855,-1.8385740143790925,-3.4876478995917592,15.285714285714286
7821.T,前田工繊,21,0,6,15,0.0,0.2857142857142857,-1.0979897766368034,-0.7775977717166588,18.285714285714285
8616.T,東海東京フィナンシャル・ホールディングス,21,0,1,20,0.0,0.047619047619047616,1.3380523633974863,2.0979007304659434,19.38095238095238
8725.T,ＭＳ＆ＡＤインシュアランスグループホールディングス,21,0,4,17,0.0,0.19047619047619047,0.9743828645506711,0.6475409817289313,18.61904761904762
9433.T,ＫＤＤＩ,20,0,5,15,0.0,0.25,-0.560984985551766,-0.6645136463866628,17.5
2587.T,サントリー食品インターナショナル,19,0,4,15,0.0,0.21052631578947367,0.49260083077081535,0.19725024999962612,17.57894736842105
6486.T,イーグル工業,19,0,9,10,0.0,0.47368421052631576,-1.4888002607079729,-4.058120445677586,16.894736842105264
6849.T,日本光電工業,19,0,7,12,0.0,0.3684210526315789,-2.5151382363892427,-2.342213250126005,16.736842105263158
6954.T,ファナック,19,0,14,5,0.0,0.7368421052631579,-3.782907887729928,-5.494951331360858,12.789473684210526
4403.T,日油,18,0,4,14,0.0,0.2222222222222222,-0.6911888772192598,0.4104305815510456,18.0
6371.T,椿本チエイン,18,0,3,15,0.0,0.16666666666666666,1.2848837305652296,2.331856098377531,18.166666666666668
1959.T,クラフティア,17,0,5,12,0.0,0.29411764705882354,1.2235314009308957,2.0833347316499653,17.176470588235293
3983.T,オロ,17,0,12,5,0.0,0.7058823529411765,-3.9243651884917807,-5.462190296370837,12.764705882352942
4956.T,コニシ,17,0,2,15,0.0,0.11764705882352941,2.228532053278622,3.2235459004905396,15.882352941176471
6806.T,ヒロセ電機,17,0,6,11,0.0,0.35294117647058826,-2.811508147480136,-3.4407991071551085,17.58823529411765
9045.T,京阪ホールディングス,17,0,3,14,0.0,0.17647058823529413,3.8465368857098214,4.422077555198705,17.176470588235293
9432.T,ＮＴＴ,17,0,2,15,0.0,0.11764705882352941,-0.5499895352947733,-0.9162435848345724,19.235294117647058
2201.T,森永製菓,16,0,6,10,0.0,0.375,-0.21571455702340714,0.9565202064099686,16.3125
6005.T,三浦工業,16,0,3,13,0.0,0.1875,1.424542247958655,-0.3443873700228093,17.875
6340.T,澁谷工業,16,0,3,13,0.0,0.1875,0.3336999331947015,0.14514532410136005,17.8125
6674.T,ジーエス・ユアサ　コーポレーション,16,0,2,14,0.0,0.125,1.7229236805496668,0.37283120781269247,19.125
7296.T,エフ・シー・シー,16,0,3,13,0.0,0.1875,2.891354746466432,4.671855370780758,17.4375
7747.T,朝日インテック,16,0,7,9,0.0,0.4375,-1.1715792684904207,-2.1493794727349114,13.0
8591.T,オリックス,16,0,4,12,0.0,0.25,-1.479525321069386,0.17773362034266169,16.8125
2229.T,カルビー,15,0,6,9,0.0,0.4,0.6869847767721062,2.498353901667932,15.066666666666666
3635.T,コーエーテクモホールディングス,15,0,0,15,0.0,0.0,1.9746014252581594,2.4193530959124163,20.0
4046.T,大阪ソーダ,15,0,7,8,0.0,0.4666666666666667,0.62439233052905,-1.6025868404659651,14.666666666666666
4452.T,花王,15,0,8,7,0.0,0.5333333333333333,-3.6107104811070494,-5.26555267741011,14.333333333333334
4543.T,テルモ,15,0,13,2,0.0,0.8666666666666667,-5.879312925877156,-5.693296990033278,9.866666666666667
5195.T,バンドー化学,15,0,0,15,0.0,0.0,3.6766480797156147,3.448278350983849,20.0
5208.T,有沢製作所,15,0,6,9,0.0,0.4,-0.1653612064254179,3.023084253425819,13.866666666666667
6845.T,アズビル,15,0,7,8,0.0,0.4666666666666667,-2.2790308254557923,-4.761917394649064,17.333333333333332
8706.T,極東証券,15,0,8,7,0.0,0.5333333333333333,-2.286564821882959,-5.007157906751284,15.066666666666666
2157.T,コシダカホールディングス,14,0,14,0,0.0,1.0,-6.220880104870842,-6.078697260943496,6.428571428571429
4684.T,オービック,14,0,3,11,0.0,0.21428571428571427,0.794258159528434,0.046890197336076855,18.0
6479.T,ミネベアミツミ,14,0,10,4,0.0,0.7142857142857143,-3.1360893916181807,-5.674388422297849,14.071428571428571
6750.T,エレコム,14,0,4,10,0.0,0.2857142857142857,-0.40120891616677673,0.034717241606781815,15.928571428571429
9020.T,東日本旅客鉄道,14,0,3,11,0.0,0.21428571428571427,-1.0381667662207144,-1.4479426981100396,17.357142857142858
3636.T,三菱総合研究所,13,0,5,8,0.0,0.38461538461538464,0.13077857207189533,1.6161646399673812,17.307692307692307
4290.T,プレステージ・インターナショナル,13,0,1,12,0.0,0.07692307692307693,-0.5399256899828255,-1.007198867222019,18.846153846153847
4559.T,ゼリア新薬工業,13,0,2,11,0.0,0.15384615384615385,3.6082817197766692,5.987202925045704,19.076923076923077
7575.T,日本ライフライン,13,0,7,6,0.0,0.5384615384615384,-3.984225896980194,-5.08474799259368,13.923076923076923
8876.T,リログループ,13,0,6,7,0.0,0.46153846153846156,-3.0123827649992716,-4.324089027102214,13.23076923076923
4704.T,トレンドマイクロ,12,0,2,10,0.0,0.16666666666666666,-0.7316982676421727,-0.36293653460550834,19.583333333333332
4912.T,ライオン,12,0,6,6,0.0,0.5,-3.2691794117029223,-5.044121033269512,13.333333333333334
7818.T,トランザクション,12,0,8,4,0.0,0.6666666666666666,-1.8857962953165377,-5.14606878690703,12.083333333333334
7839.T,ＳＨＯＥＩ,12,0,8,4,0.0,0.6666666666666666,-3.480764790895814,-5.154697333875512,12.75
7956.T,ピジョン,12,0,9,3,0.0,0.75,-4.657580590309631,-5.36899252933327,12.916666666666666
7995.T,バルカー,12,0,8,4,0.0,0.6666666666666666,-1.8730132097919423,-5.4841991569124104,13.0
8698.T,マネックスグループ,12,0,4,8,0.0,0.3333333333333333,1.6407110982105273,3.5102966077495426,15.583333333333334
2317.T,システナ,11,0,8,3,0.0,0.7272727272727273,-6.10159821635956,-5.782299245599982,13.818181818181818
6345.T,アイチ　コーポレーション,11,0,4,7,0.0,0.36363636363636365,-0.32727056601396637,-0.8425476778584619,15.454545454545455
6762.T,ＴＤＫ,11,0,6,5,0.0,0.5454545454545454,-2.1760364325531425,-5.776899466770261,12.545454545454545
7172.T,ジャパンインベストメントアドバイザー,11,0,5,6,0.0,0.45454545454545453,-0.8484007731328294,-4.184619033341144,14.272727272727273
7611.T,ハイデイ日高,11,0,8,3,0.0,0.7272727272727273,-3.3777343309111796,-5.212012391028726,11.818181818181818
7762.T,シチズン時計,11,0,5,6,0.0,0.45454545454545453,-0.806268808878185,-2.1194644302456975,13.454545454545455
8117.T,中央自動車工業,11,0,7,4,0.0,0.6363636363636364,-2.7598014854184525,-5.253625312695115,12.090909090909092
3092.T,ＺＯＺＯ,10,0,6,4,0.0,0.6,-3.110839559471104,-5.875409138016526,12.2
3284.T,フージャースホールディングス,10,0,2,8,0.0,0.2,1.106036125691213,-0.2098300652561259,18.6
3479.T,ティーケーピー,10,0,3,7,0.0,0.3,2.689515592388589,4.468312516319334,15.4
4151.T,協和キリン,10,0,3,7,0.0,0.3,-2.7465658114916556,-2.655256830750501,15.6
4203.T,住友ベークライト,10,0,6,4,0.0,0.6,-1.4591860256363902,-5.690094825621065,11.2
4992.T,北興化学工業,10,0,3,7,0.0,0.3,-0.8313432379234496,-0.048174779447612975,18.4
6062.T,チャーム・ケア・コーポレーション,10,0,3,7,0.0,0.3,-2.517742370688686,-2.039362886421374,16.2
7864.T,フジシールインターナショナル,10,0,4,6,0.0,0.4,-3.2247519428427034,-1.593008552315993,13.7
8892.T,エスコン,10,0,0,10,0.0,0.0,1.842076080210091,1.5256288353662086,18.7
9201.T,日本航空,10,0,4,6,0.0,0.4,-0.8211004243201744,-0.7165121197886267,15.3
4549.T,栄研化学,9,0,3,6,0.0,0.3333333333333333,-0.316112520030851,2.226172875146619,15.555555555555555
4848.T,フルキャストホールディングス,9,0,3,6,0.0,0.3333333333333333,0.5899783236799582,-1.1806375442739079,16.22222222222222
6367.T,ダイキン工業,9,0,9,0,0.0,1.0,-7.099853285306655,-6.612852242415787,5.444444444444445
6376.T,日機装,9,0,3,6,0.0,0.3333333333333333,1.423669454972615,3.8622068169576416,17.555555555555557
7846.T,パイロットコーポレーション,9,0,2,7,0.0,0.2222222222222222,0.749705477681163,1.8273622274027936,19.333333333333332
9037.T,ハマキョウレックス,9,0,1,8,0.0,0.1111111111111111,1.834775541881506,1.2451405036744085,17.11111111111111
1813.T,不動テトラ,8,0,0,8,0.0,0.0,1.3369520264621304,1.2683783461148954,20.0
1879.T,新日本建設,8,0,2,6,0.0,0.25,0.1574270072891808,0.5478826760398987,16.75
2124.T,ジェイエイシーリクルートメント,8,0,3,5,0.0,0.375,-0.4475119833367801,-0.10978643094322305,16.125
2220.T,亀田製菓,8,0,3,5,0.0,0.375,-0.6715259474786865,-2.2868280864240287,16.5
3923.T,ラクス,8,0,7,1,0.0,0.875,-8.180307111789997,-7.5709410218181485,10.125
6305.T,日立建機,8,0,4,4,0.0,0.5,-1.5530954588303416,-1.4360868833779337,17.125
6877.T,ＯＢＡＲＡ　ＧＲＯＵＰ,8,0,5,3,0.0,0.625,-3.0540278540678156,-5.915551713286027,8.875
9692.T,シーイーシー,8,0,5,3,0.0,0.625,-2.114890865167125,-5.180387223156954,11.5
2117.T,ウェルネオシュガー,7,0,2,5,0.0,0.2857142857142857,-0.3125240180054103,-1.2558357449912678,18.285714285714285
3687.T,フィックスターズ,7,0,5,2,0.0,0.7142857142857143,-5.696165207733642,-8.085105331430627,11.857142857142858
4971.T,メック,7,0,6,1,0.0,0.8571428571428571,-5.97260893213983,-6.9444478553429905,16.285714285714285
4972.T,綜研化学,7,0,1,6,0.0,0.14285714285714285,-3.06303523996612,-3.5398230088495577,9.714285714285714
5713.T,住友金属鉱山,7,0,5,2,0.0,0.7142857142857143,-5.7948343992995275,-6.129422565539032,12.285714285714286
6272.T,レオン自動機,7,0,1,6,0.0,0.14285714285714285,2.3158749521583784,2.013422818791946,19.0
7972.T,イトーキ,7,0,5,2,0.0,0.7142857142857143,-4.600709376182093,-6.8669548674623675,9.714285714285714
8614.T,東洋証券,7,0,1,6,0.0,0.14285714285714285,2.357138821998906,5.161294869906791,17.714285714285715
8877.T,エスリード,7,0,2,5,0.0,0.2857142857142857,1.2876513379617371,3.6423946347501346,18.0
9008.T,京王電鉄,7,0,3,4,0.0,0.42857142857142855,-0.44748180543229876,-0.38535395699184144,13.285714285714286
4658.T,日本空調サービス,6,0,1,5,0.0,0.16666666666666666,-0.03389788046982756,0.2706697672675489,18.833333333333332
5834.T,ＳＢＩリーシングサービス,6,0,3,3,0.0,0.5,-0.7054787123465392,-0.960245670155877,13.5
6932.T,遠藤照明,6,0,2,4,0.0,0.3333333333333333,-1.361228852124368,0.8923095230091519,15.0
8157.T,都築電気,6,0,1,5,0.0,0.16666666666666666,0.9166106104193193,0.607197958128697,17.0
9790.T,福井コンピュータホールディングス,6,0,2,4,0.0,0.3333333333333333,0.8681476090086299,-0.8489485670949639,14.166666666666666
1975.T,朝日工業社,5,0,3,2,0.0,0.6,1.431287431548093,-5.776635718986622,17.4
3040.T,ソリトンシステムズ,5,0,5,0,0.0,1.0,-6.384696547089106,-5.918367346938775,5.6
3232.T,三重交通グループホールディングス,5,0,1,4,0.0,0.2,4.662687821911537,6.837613431200541,19.2
4743.T,アイティフォー,5,0,0,5,0.0,0.0,4.646256571350768,3.9121428161578464,20.0
7609.T,ダイトロン,5,0,2,3,0.0,0.4,0.7751461436730964,1.81518865685038,13.2
2395.T,新日本科学,4,0,4,0,0.0,1.0,-7.287818929927414,-7.369730744415129,4.25
3663.T,セルシス,4,0,3,1,0.0,0.75,-4.060842665597524,-5.539546005104488,8.0
3762.T,テクマトリックス,4,0,4,0,0.0,1.0,-7.0800416869552425,-6.142433230024556,5.5
3769.T,ＧＭＯペイメントゲートウェイ,4,0,2,2,0.0,0.5,-4.874278342797637,-5.175474978405223,16.25
3844.T,コムチュア,4,0,4,0,0.0,1.0,-5.597566449911159,-5.547149026169244,7.5
3854.T,アイル,4,0,4,0,0.0,1.0,-6.7160076736478,-6.714291662402254,6.5
3915.T,テラスカイ,4,0,4,0,0.0,1.0,-6.844336815340165,-5.306678054433339,7.0
4765.T,ＳＢＩグローバルアセットマネジメント,4,0,3,1,0.0,0.75,-5.164781635892902,-6.933768730574238,12.0
6902.T,デンソー,4,0,4,0,0.0,1.0,-5.181451955705345,-5.15038024119669,8.0
7102.T,日本車輌製造,4,0,4,0,0.0,1.0,-5.648284940840824,-5.623622071542088,12.0
7723.T,愛知時計電機,4,0,1,3,0.0,0.25,-1.6157788383018026,-0.8881043456802205,17.25
8151.T,東陽テクニカ,4,0,1,3,0.0,0.25,2.7933727840891582,0.6605267240701389,15.75
9708.T,帝国ホテル,4,0,2,2,0.0,0.5,-3.8122632575540614,-3.6001981533656835,11.5
9928.T,ミロク情報サービス,4,0,3,1,0.0,0.75,-4.2252235569593015,-6.49615610801261,10.5
9984.T,ソフトバンクグループ,4,0,1,3,0.0,0.25,2.0346053792340943,1.3628759706255393,16.75
2938.T,オカムラ食品工業,3,0,2,1,0.0,0.6666666666666666,-3.9866520864152943,-5.308770616695539,12.333333333333334
3836.T,アバントグループ,3,0,1,2,0.0,0.3333333333333333,-2.9624119843347767,-2.5322758401360796,13.666666666666666
4401.T,ＡＤＥＫＡ,3,0,3,0,0.0,1.0,-5.666817537763104,-5.6603850012140455,17.666666666666668
4461.T,第一工業製薬,3,0,1,2,0.0,0.3333333333333333,-4.0495580803634175,-3.7135284942949043,20.0
4771.T,エフアンドエム,3,0,1,2,0.0,0.3333333333333333,1.0628608362932275,4.9749513282783795,18.666666666666668
4776.T,サイボウズ,3,0,3,0,0.0,1.0,-6.501812346980866,-7.106778224956516,5.666666666666667
6381.T,アネスト岩田,3,0,1,2,0.0,0.3333333333333333,-0.0018609813640457773,1.4863624985218866,16.0
6564.T,ミダックホールディングス,3,0,3,0,0.0,1.0,-5.929547974751195,-5.340266079572016,10.0
8624.T,いちよし証券,3,0,0,3,0.0,0.0,3.763442656920249,3.3898363631442816,20.0
1518.T,三井松島ホールディングス,2,0,0,2,0.0,0.0,3.755031264011233,3.755031264011233,20.0
1930.T,北陸電気工事,2,0,1,1,0.0,0.5,-2.197173932151274,-2.197173932151274,14.5
2216.T,カンロ,2,0,0,2,0.0,0.0,4.757359570494162,4.757359570494162,20.0
3498.T,霞ヶ関キャピタル,2,0,2,0,0.0,1.0,-10.809373379568084,-10.809373379568084,2.0
3843.T,フリービット,2,0,0,2,0.0,0.0,0.6728729419449515,0.6728729419449515,20.0
3891.T,ニッポン高度紙工業,2,0,2,0,0.0,1.0,-15.904192423415214,-15.904192423415214,8.0
3994.T,マネーフォワード,2,0,0,2,0.0,0.0,0.11655608789366734,0.11655608789366734,20.0
4062.T,イビデン,2,0,2,0,0.0,1.0,-6.004285386104087,-6.004285386104087,4.5
4323.T,日本システム技術,2,0,2,0,0.0,1.0,-8.680643085375634,-8.680643085375634,5.0
4431.T,スマレジ,2,0,0,2,0.0,0.0,10.01559740401083,10.01559740401083,20.0
4462.T,石原ケミカル,2,0,0,2,0.0,0.0,3.0672817184866488,3.0672817184866488,20.0
4641.T,アルプス技研,2,0,1,1,0.0,0.5,-3.571978014208632,-3.571978014208632,14.0
4674.T,クレスコ,2,0,2,0,0.0,1.0,-5.8794856656923695,-5.8794856656923695,4.5
4919.T,ミルボン,2,0,2,0,0.0,1.0,-9.070892892376635,-9.070892892376635,9.5
5184.T,ニチリン,2,0,0,2,0.0,0.0,-2.2651665365711873,-2.2651665365711873,20.0
6027.T,弁護士ドットコム,2,0,1,1,0.0,0.5,1.5514425694066416,1.5514425694066416,11.0
6223.T,西部技研,2,0,0,2,0.0,0.0,3.932026219504066,3.932026219504066,20.0
6379.T,レイズネクスト,2,0,1,1,0.0,0.5,-0.8266121552943775,-0.8266121552943775,12.0
6625.T,ＪＡＬＣＯホールディングス,2,0,2,0,0.0,1.0,-6.179498841102596,-6.179498841102596,8.0
8596.T,九州リースサービス,2,0,1,1,0.0,0.5,-4.805640590448782,-4.805640590448782,16.0
8739.T,スパークス・グループ,2,0,2,0,0.0,1.0,-7.927373154881638,-7.927373154881638,11.0
8844.T,コスモスイニシア,2,0,2,0,0.0,1.0,-6.63367447011829,-6.63367447011829,7.5
9739.T,ＮＳＷ,2,0,0,2,0.0,0.0,7.562103424667267,7.562103424667267,20.0
1375.T,ユキグニファクトリー,1,0,1,0,0.0,1.0,-5.501337240300118,-5.501337240300118,4.0
1847.T,イチケン,1,0,1,0,0.0,1.0,-5.99264705882353,-5.99264705882353,10.0
2268.T,Ｂ－Ｒ　サーティワン　アイスクリーム,1,0,0,1,0.0,0.0,0.12033470421233655,0.12033470421233655,20.0
2325.T,ＮＪＳ,1,0,1,0,0.0,1.0,-5.912598599387166,-5.912598599387166,3.0
3371.T,ソフトクリエイトホールディングス,1,0,1,0,0.0,1.0,-6.8292668797966165,-6.8292668797966165,3.0
3449.T,テクノフレックス,1,0,0,1,0.0,0.0,3.5649075121874283,3.5649075121874283,20.0
4337.T,ぴあ,1,0,1,0,0.0,1.0,-7.1207472133000715,-7.1207472133000715,11.0
4390.T,ＩＰＳ,1,0,0,1,0.0,0.0,0.445982658899481,0.445982658899481,20.0
4709.T,ＩＤホールディングス,1,0,0,1,0.0,0.0,6.689906599160886,6.689906599160886,20.0
4923.T,コタ,1,0,0,1,0.0,0.0,8.692814891573034,8.692814891573034,20.0
5290.T,ベルテクスコーポレーション,1,0,1,0,0.0,1.0,-5.118299184175283,-5.118299184175283,14.0
6099.T,エラン,1,0,1,0,0.0,1.0,-5.060242753454358,-5.060242753454358,9.0
6144.T,西部電機,1,0,1,0,0.0,1.0,-6.441821247892074,-6.441821247892074,10.0
6357.T,三精テクノロジーズ,1,0,0,1,0.0,0.0,-1.199830013844833,-1.199830013844833,20.0
6387.T,サムコ,1,0,1,0,0.0,1.0,-9.470743007260355,-9.470743007260355,2.0
7326.T,ＳＢＩインシュアランスグループ,1,0,1,0,0.0,1.0,-7.927931280402542,-7.927931280402542,9.0
7383.T,ネットプロテクションズホールディングス,1,0,1,0,0.0,1.0,-7.468879668049793,-7.468879668049793,1.0
7476.T,アズワン,1,0,0,1,0.0,0.0,-2.3185895106274073,-2.3185895106274073,20.0
8699.T,ＨＳホールディングス,1,0,0,1,0.0,0.0,9.70635251419813,9.70635251419813,20.0
9273.T,コーア商事ホールディングス,1,0,0,1,0.0,0.0,2.435897435897436,2.435897435897436,20.0
9880.T,イノテック,1,0,0,1,0.0,0.0,-1.3173650786883147,-1.3173650786883147,20.0
9955.T,ヨンキュウ,1,0,1,0,0.0,1.0,-6.716162585471968,-6.716162585471968,2.0
